{
    "name": "root",
    "gauges": {
        "tank-optimized-01.Policy.Entropy.mean": {
            "value": 1.9298315048217773,
            "min": 1.9298315048217773,
            "max": 2.1049349308013916,
            "count": 9
        },
        "tank-optimized-01.Policy.Entropy.sum": {
            "value": 9996.52734375,
            "min": 9638.9658203125,
            "max": 10537.3046875,
            "count": 9
        },
        "tank-optimized-01.Step.mean": {
            "value": 44971.0,
            "min": 4874.0,
            "max": 44971.0,
            "count": 9
        },
        "tank-optimized-01.Step.sum": {
            "value": 44971.0,
            "min": 4874.0,
            "max": 44971.0,
            "count": 9
        },
        "tank-optimized-01.Policy.ExtrinsicValueEstimate.mean": {
            "value": -0.21381014585494995,
            "min": -0.9876871109008789,
            "max": 0.54192054271698,
            "count": 9
        },
        "tank-optimized-01.Policy.ExtrinsicValueEstimate.sum": {
            "value": -4.703823089599609,
            "min": -29.630613327026367,
            "max": 11.380331039428711,
            "count": 9
        },
        "tank-optimized-01.Policy.CuriosityValueEstimate.mean": {
            "value": 0.07941582798957825,
            "min": 0.07941582798957825,
            "max": 7.164330005645752,
            "count": 9
        },
        "tank-optimized-01.Policy.CuriosityValueEstimate.sum": {
            "value": 1.7471481561660767,
            "min": 1.7471481561660767,
            "max": 207.76556396484375,
            "count": 9
        },
        "tank-optimized-01.Losses.PolicyLoss.mean": {
            "value": 0.03758382449935501,
            "min": 0.03758382449935501,
            "max": 0.05213256652981121,
            "count": 9
        },
        "tank-optimized-01.Losses.PolicyLoss.sum": {
            "value": 0.15033529799742004,
            "min": 0.15033529799742004,
            "max": 0.20853026611924483,
            "count": 9
        },
        "tank-optimized-01.Losses.ValueLoss.mean": {
            "value": 0.9679242471853893,
            "min": 0.5705771427601576,
            "max": 213.0124826858441,
            "count": 9
        },
        "tank-optimized-01.Losses.ValueLoss.sum": {
            "value": 3.871696988741557,
            "min": 2.2823085710406303,
            "max": 852.0499307433764,
            "count": 9
        },
        "tank-optimized-01.Policy.LearningRate.mean": {
            "value": 0.0009151470084853001,
            "min": 0.0009151470084853001,
            "max": 0.0009938910006109,
            "count": 9
        },
        "tank-optimized-01.Policy.LearningRate.sum": {
            "value": 0.0036605880339412003,
            "min": 0.0036605880339412003,
            "max": 0.0048283960171604,
            "count": 9
        },
        "tank-optimized-01.Policy.Epsilon.mean": {
            "value": 0.19151469999999998,
            "min": 0.19151469999999998,
            "max": 0.19938909999999999,
            "count": 9
        },
        "tank-optimized-01.Policy.Epsilon.sum": {
            "value": 0.7660587999999999,
            "min": 0.7660587999999999,
            "max": 0.9828396,
            "count": 9
        },
        "tank-optimized-01.Policy.Beta.mean": {
            "value": 0.00091599553,
            "min": 0.00091599553,
            "max": 0.0009939520899999998,
            "count": 9
        },
        "tank-optimized-01.Policy.Beta.sum": {
            "value": 0.00366398212,
            "min": 0.00366398212,
            "max": 0.00483011204,
            "count": 9
        },
        "tank-optimized-01.Losses.CuriosityForwardLoss.mean": {
            "value": 0.06771896670882901,
            "min": 0.05685028829611838,
            "max": 930.1026793569326,
            "count": 9
        },
        "tank-optimized-01.Losses.CuriosityForwardLoss.sum": {
            "value": 0.27087586683531606,
            "min": 0.22740115318447351,
            "max": 3720.4107174277306,
            "count": 9
        },
        "tank-optimized-01.Losses.CuriosityInverseLoss.mean": {
            "value": 1.7002572566270828,
            "min": 1.6521447499593098,
            "max": 12.817807557682196,
            "count": 9
        },
        "tank-optimized-01.Losses.CuriosityInverseLoss.sum": {
            "value": 6.801029026508331,
            "min": 6.608578999837239,
            "max": 51.27123023072878,
            "count": 9
        },
        "tank-optimized-01.Environment.EpisodeLength.mean": {
            "value": 830.2,
            "min": 258.5,
            "max": 2304.0,
            "count": 9
        },
        "tank-optimized-01.Environment.EpisodeLength.sum": {
            "value": 4151.0,
            "min": 4151.0,
            "max": 5284.0,
            "count": 9
        },
        "tank-optimized-01.Environment.CumulativeReward.mean": {
            "value": -0.27740437984466554,
            "min": -2.261511445045471,
            "max": 10.553327322006226,
            "count": 9
        },
        "tank-optimized-01.Environment.CumulativeReward.sum": {
            "value": -1.3870218992233276,
            "min": -42.10952186584473,
            "max": 31.659981966018677,
            "count": 9
        },
        "tank-optimized-01.Policy.ExtrinsicReward.mean": {
            "value": -0.332878851890564,
            "min": -2.7137972116470337,
            "max": 12.664003094037374,
            "count": 9
        },
        "tank-optimized-01.Policy.ExtrinsicReward.sum": {
            "value": -1.6643942594528198,
            "min": -50.53139042854309,
            "max": 37.99200928211212,
            "count": 9
        },
        "tank-optimized-01.Policy.CuriosityReward.mean": {
            "value": 0.7398824200034142,
            "min": 0.7398824200034142,
            "max": 472.29561773935956,
            "count": 9
        },
        "tank-optimized-01.Policy.CuriosityReward.sum": {
            "value": 3.6994121000170708,
            "min": 3.142691656947136,
            "max": 1416.8868532180786,
            "count": 9
        },
        "tank-optimized-01.IsTraining.mean": {
            "value": 1.0,
            "min": 1.0,
            "max": 1.0,
            "count": 9
        },
        "tank-optimized-01.IsTraining.sum": {
            "value": 1.0,
            "min": 1.0,
            "max": 1.0,
            "count": 9
        }
    },
    "metadata": {
        "timer_format_version": "0.1.0",
        "start_time_seconds": "1731228631",
        "python_version": "3.10.12 (main, Jul  5 2023, 15:02:25) [Clang 14.0.6 ]",
        "command_line_arguments": "/Users/cadyli/miniconda3/envs/mlagents/bin/mlagents-learn configs/tank-configs.yaml --run-id=tank-16",
        "mlagents_version": "1.1.0",
        "mlagents_envs_version": "1.1.0",
        "communication_protocol_version": "1.5.0",
        "pytorch_version": "2.5.0",
        "numpy_version": "1.23.5",
        "end_time_seconds": "1731228989"
    },
    "total": 358.12052583298646,
    "count": 1,
    "self": 0.012036790954880416,
    "children": {
        "run_training.setup": {
            "total": 0.026880000019446015,
            "count": 1,
            "self": 0.026880000019446015
        },
        "TrainerController.start_learning": {
            "total": 358.08160904201213,
            "count": 1,
            "self": 0.6671061017550528,
            "children": {
                "TrainerController._reset_env": {
                    "total": 10.214063000050373,
                    "count": 1,
                    "self": 10.214063000050373
                },
                "TrainerController.advance": {
                    "total": 346.77024873218033,
                    "count": 47709,
                    "self": 0.639355116058141,
                    "children": {
                        "env_step": {
                            "total": 326.40075327223167,