{
    "name": "root",
    "gauges": {
        "tank-optimized-01.Policy.Entropy.mean": {
            "value": 1.9189496040344238,
            "min": 1.8853753805160522,
            "max": 2.1111392974853516,
            "count": 11
        },
        "tank-optimized-01.Policy.Entropy.sum": {
            "value": 9600.5048828125,
            "min": 9415.564453125,
            "max": 10810.6611328125,
            "count": 11
        },
        "tank-optimized-01.Step.mean": {
            "value": 54994.0,
            "min": 4866.0,
            "max": 54994.0,
            "count": 11
        },
        "tank-optimized-01.Step.sum": {
            "value": 54994.0,
            "min": 4866.0,
            "max": 54994.0,
            "count": 11
        },
        "tank-optimized-01.Policy.ExtrinsicValueEstimate.mean": {
            "value": -5.920456886291504,
            "min": -7.149538516998291,
            "max": 0.06611600518226624,
            "count": 11
        },
        "tank-optimized-01.Policy.ExtrinsicValueEstimate.sum": {
            "value": -1296.580078125,
            "min": -1369.5263671875,
            "max": 1.454552173614502,
            "count": 11
        },
        "tank-optimized-01.Policy.CuriosityValueEstimate.mean": {
            "value": 887.2395629882812,
            "min": 0.17532634735107422,
            "max": 887.2395629882812,
            "count": 11
        },
        "tank-optimized-01.Policy.CuriosityValueEstimate.sum": {
            "value": 194305.46875,
            "min": 4.032505989074707,
            "max": 194305.46875,
            "count": 11
        },
        "tank-optimized-01.Environment.EpisodeLength.mean": {
            "value": 21.84474885844749,
            "min": 21.84474885844749,
            "max": 1583.75,
            "count": 11
        },
        "tank-optimized-01.Environment.EpisodeLength.sum": {
            "value": 4784.0,
            "min": 2812.0,
            "max": 6335.0,
            "count": 11
        },
        "tank-optimized-01.Environment.CumulativeReward.mean": {
            "value": -5.589947564416825,
            "min": -5.6391808449382514,
            "max": 4.539868921041489,
            "count": 11
        },
        "tank-optimized-01.Environment.CumulativeReward.sum": {
            "value": -1224.1985166072845,
            "min": -1224.1985166072845,
            "max": 18.159475684165955,
            "count": 11
        },
        "tank-optimized-01.Policy.ExtrinsicReward.mean": {
            "value": -6.707937225359216,
            "min": -6.767017154066775,
            "max": 5.447856247425079,
            "count": 11
        },
        "tank-optimized-01.Policy.ExtrinsicReward.sum": {
            "value": -1469.0382523536682,
            "min": -1469.0382523536682,
            "max": 21.791424989700317,
            "count": 11
        },
        "tank-optimized-01.Policy.CuriosityReward.mean": {
            "value": 0.060327934024676885,
            "min": 0.060327934024676885,
            "max": 1214.3947072029114,
            "count": 11
        },
        "tank-optimized-01.Policy.CuriosityReward.sum": {
            "value": 13.211817551404238,
            "min": 13.021665992215276,
            "max": 4857.5788288116455,
            "count": 11
        },
        "tank-optimized-01.Losses.PolicyLoss.mean": {
            "value": 0.01728624579263851,
            "min": 0.010645213692138592,
            "max": 0.023422125494107604,
            "count": 11
        },
        "tank-optimized-01.Losses.PolicyLoss.sum": {
            "value": 0.08643122896319255,
            "min": 0.05186713667353615,
            "max": 0.09368850197643042,
            "count": 11
        },
        "tank-optimized-01.Losses.ValueLoss.mean": {
            "value": 118094.0546875,
            "min": 5.522616243362427,
            "max": 118094.0546875,
            "count": 11
        },
        "tank-optimized-01.Losses.ValueLoss.sum": {
            "value": 590470.2734375,
            "min": 27.613081216812137,
            "max": 590470.2734375,
            "count": 11
        },
        "tank-optimized-01.Policy.LearningRate.mean": {
            "value": 0.0003582696104326,
            "min": 0.0003582696104326,
            "max": 0.0003977848005538,
            "count": 11
        },
        "tank-optimized-01.Policy.LearningRate.sum": {
            "value": 0.0017913480521630002,
            "min": 0.0014480272379932002,
            "max": 0.0019298616175346,
            "count": 11
        },
        "tank-optimized-01.Policy.Epsilon.mean": {
            "value": 0.1895674,
            "min": 0.1895674,
            "max": 0.1994462,
            "count": 11
        },
        "tank-optimized-01.Policy.Epsilon.sum": {
            "value": 0.947837,
            "min": 0.7620068,
            "max": 0.9824654,
            "count": 11
        },
        "tank-optimized-01.Policy.Beta.mean": {
            "value": 0.00089671726,
            "min": 0.00089671726,
            "max": 0.00099451738,
            "count": 11
        },
        "tank-optimized-01.Policy.Beta.sum": {
            "value": 0.0044835863,
            "min": 0.00362386732,
            "max": 0.00482640746,
            "count": 11
        },
        "tank-optimized-01.Losses.CuriosityForwardLoss.mean": {
            "value": 0.24349526365598045,
            "min": 0.23903010413050652,
            "max": 3091.2327423095703,
            "count": 11
        },
        "tank-optimized-01.Losses.CuriosityForwardLoss.sum": {
            "value": 1.2174763182799022,
            "min": 0.9561204165220261,
            "max": 12364.930969238281,
            "count": 11
        },
        "tank-optimized-01.Losses.CuriosityInverseLoss.mean": {
            "value": 5.824164613087971,
            "min": 1.7388571898142497,
            "max": 49.54122185707093,
            "count": 11
        },
        "tank-optimized-01.Losses.CuriosityInverseLoss.sum": {
            "value": 29.120823065439858,
            "min": 6.955428759256999,
            "max": 198.16488742828372,
            "count": 11
        },
        "tank-optimized-01.IsTraining.mean": {
            "value": 1.0,
            "min": 1.0,
            "max": 1.0,
            "count": 11
        },
        "tank-optimized-01.IsTraining.sum": {
            "value": 1.0,
            "min": 1.0,
            "max": 1.0,
            "count": 11
        }
    },
    "metadata": {
        "timer_format_version": "0.1.0",
        "start_time_seconds": "1731252616",
        "python_version": "3.10.12 (main, Jul  5 2023, 15:02:25) [Clang 14.0.6 ]",
        "command_line_arguments": "/Users/cadyli/miniconda3/envs/mlagents/bin/mlagents-learn configs/tank-configs.yaml --run-id=tank-29",
        "mlagents_version": "1.1.0",
        "mlagents_envs_version": "1.1.0",
        "communication_protocol_version": "1.5.0",
        "pytorch_version": "2.5.0",
        "numpy_version": "1.23.5",
        "end_time_seconds": "1731252995"
    },
    "total": 379.24131700000726,
    "count": 1,
    "self": 0.006903582951053977,
    "children": {
        "run_training.setup": {
            "total": 0.03187625005375594,
            "count": 1,
            "self": 0.03187625005375594
        },
        "TrainerController.start_learning": {
            "total": 379.20253716700245,
            "count": 1,
            "self": 0.7803748588776216,
            "children": {
                "TrainerController._reset_env": {
                    "total": 12.35906074999366,
                    "count": 1,
                    "self": 12.35906074999366
                },
                "TrainerController.advance": {
                    "total": 365.70143118314445,
                    "count": 58548,
                    "self": 0.6804439479019493,
                    "children": {
                        "env_step": {
                            "total": 346.55413573468104,
                            "count": 58548,